,series_1,series_2,series_3
2018-01-01,1.015252402793127,3.904380250764708,5.302137023921331
2018-01-02,1.9486332435446427,5.09737982341262,11.058619627621763
2018-01-03,5.7553793899418,9.3659473635127,10.696200212434354
2018-01-04,9.682842731213935,13.13215287916887,13.826944178711267
2018-01-05,8.132393414278496,14.112153782082014,22.897216274650297
2018-01-06,10.053951021913472,16.285822509590936,23.342940146178496
2018-01-07,15.537776260066057,16.126163126791518,15.028984430077802
2018-01-08,15.474940879967008,17.949333898587653,24.007280840400075
2018-01-09,14.344189724787125,17.25969987713732,24.7801167629712
2018-01-10,17.60241799613518,27.429318593537747,18.092018062604723
2018-01-11,16.494759512025013,19.661472942746723,25.57118289228831
2018-01-12,17.197250387618364,21.73245234627234,28.139682540756652
2018-01-13,19.100029319827083,21.818596239735204,17.932056844972223
2018-01-14,14.873091095469544,26.27627461113178,17.993731246186012
2018-01-15,15.187404922214547,22.359532895041788,24.153308757409917
2018-01-16,17.239610604993658,25.968386031527476,20.1433757793595
2018-01-17,15.72804993791181,19.322622447441894,19.66898009674
2018-01-18,17.618591044114417,20.641927463764034,17.15262683453642
2018-01-19,14.044436753252468,15.755559165030412,15.398188591358373
2018-01-20,11.726998578730386,22.397890112176082,6.939734371118595
2018-01-21,16.159110949250316,10.679139831440922,13.462875317621803
2018-01-22,11.032342838808205,12.668679864762069,11.559351117363569
2018-01-23,9.83296262508995,11.140016518092812,3.9598541537088696
2018-01-24,4.841200392296434,7.939244841189796,2.1897322626276567
2018-01-25,4.632821680611372,3.578251000203567,-5.768388075344467
2018-01-26,3.8993753690290625,1.0721250569303369,-0.6072899065712702
2018-01-27,-0.8095740637364024,-1.0823740642115596,-2.722443764066583
2018-01-28,0.21815411629606785,-4.235422210396467,-7.285640323474001
2018-01-29,-3.8733963661178397,-3.547268086114125,-4.954661227410916
2018-01-30,-5.257283891375219,-2.3377965260041558,-12.24310309256043
2018-01-31,-7.822957754470796,-12.538095999373535,-10.586222271054202
2018-02-01,-4.573127269681757,-16.904530961224726,-17.89905461600352
2018-02-02,-10.073775786940033,-15.003064615121508,-15.385111156724152
2018-02-03,-13.709520036518802,-8.842480196837485,-16.847348704730226
2018-02-04,-11.12032864096358,-19.867034109597185,-15.97484954936991
2018-02-05,-16.406210693495616,-13.77467176573181,-18.491302644969206
2018-02-06,-14.29696152555228,-14.308672930245375,-17.607482583536967
2018-02-07,-19.367206771116006,-21.076562806591433,-13.740470395582902
2018-02-08,-18.405316865639215,-17.82453181932822,-17.815231636416417
2018-02-09,-15.337323184964553,-14.421786038051968,-21.24780783153676
2018-02-10,-14.036991349368039,-19.559319843427378,-7.566638276741579
2018-02-11,-14.766953738855149,-18.066171063667124,-7.458769935182447
2018-02-12,-14.664435451894905,-17.86934282421236,-15.678730568892277
2018-02-13,-14.107460248464744,-17.544594625605374,-6.3499187255684895
2018-02-14,-15.370616020110377,-14.642538580873605,-8.635240956052895
2018-02-15,-12.41416724568172,-14.223113121952526,-3.456858646239412
2018-02-16,-10.294601297906649,-8.284009862432805,-0.8796979231590871
2018-02-17,-5.3956440835495805,-8.141349690669337,-0.2837711161076374
2018-02-18,-4.967130710556734,-2.6156438526686054,0.30074087921038695
2018-02-19,-7.304441666447767,-5.084215083817314,3.3101597222687453
2018-02-20,-0.8611403990684389,3.1774461052857847,5.122805875336351
2018-02-21,-0.14971854779554483,7.452960262455491,8.046773785013944
2018-02-22,1.4571071375575089,2.0490118699521416,13.428484846314328
2018-02-23,6.341403993902108,11.674559575461,13.41764150012281
2018-02-24,9.391279270943818,16.813756401640475,20.89771978603512
2018-02-25,11.300749301370512,12.26054745890911,25.98385645889812
2018-02-26,9.646710333083522,23.00186390820329,20.122683309125577
2018-02-27,12.646335910252,21.521589265237214,24.8120466279661
2018-02-28,15.726454630558585,20.185417880336225,27.151044150618446
2018-03-01,18.64062398941578,23.75023189283292,28.133515157741858
2018-03-02,36.99353011826923,52.93290398375356,59.44260814686168
2018-03-03,31.264349636392723,42.87291434222485,50.42533355600666
2018-03-04,22.775615248436363,35.24948077345547,37.62583616865319
2018-03-05,18.268865389891943,24.948266059664547,23.0440511836959
2018-03-06,22.876860434665886,28.24488657432949,30.493121784014104
2018-03-07,24.174428234224184,23.413853917218557,29.81334283570085
2018-03-08,21.099722235488812,26.669347926266294,22.58338601117469
2018-03-09,22.98162208673235,23.491234057363364,24.275962152369605
2018-03-10,21.02747349215214,22.81004624810836,25.13173934884419
2018-03-11,18.064789317493805,27.106832345098113,19.982666414875965
2018-03-12,19.069563479743948,24.955512502212283,22.799347893697757
2018-03-13,20.21435034877411,21.575509584710307,25.47886231761465
2018-03-14,15.418159223051026,14.415947786833247,11.323958564714868
2018-03-15,17.078032955012905,14.320070884003238,6.663590061423338
2018-03-16,6.496977459153233,16.286399087713647,10.510714867035201
2018-03-17,11.73519908354439,10.532950221370642,9.559725192723038
2018-03-18,8.147024238448635,14.224350185304733,3.4543717622774563
2018-03-19,5.22400814687527,5.866383823118931,7.321333626091465
2018-03-20,3.894441085746962,2.5703928436787185,-5.598149258339943
2018-03-21,-2.6096231859602153,-1.555168359668015,-0.22484943059772444
2018-03-22,-1.024114521074897,-2.8232630697806984,-7.259416722555207
2018-03-23,-1.870779695162418,-6.101534790617456,-0.4420870340839569
2018-03-24,-1.4832729945223235,-5.850293566502895,-1.1556303398370362
2018-03-25,-7.512829613296434,-7.197634248088836,-13.085790743377636
2018-03-26,-9.816680260330237,-14.168593192435349,-13.521379800551156
2018-03-27,-10.694243827279466,-17.368259505398292,-9.173847946135147
2018-03-28,-9.042760520593516,-20.172151195323348,-14.574193221828994
2018-03-29,-11.385254684730352,-14.295242087053431,-13.66743458524511
2018-03-30,-14.068933977682569,-19.743479900304507,-13.477317587351836
2018-03-31,-12.50946444723362,-23.217206192297994,-20.6110126029623
2018-04-01,-13.765146855970816,-15.783307749460713,-12.856873987202581
2018-04-02,-12.050537852229413,-9.300299380176941,-14.582240074611308
2018-04-03,-15.42784508815609,-16.06059849359876,-12.71495367151732
2018-04-04,-14.238824398278133,-12.644271638745238,-3.9754203050351355
2018-04-05,-13.720348236619941,-13.646924921468013,-12.575673951357357
2018-04-06,-15.081433096346208,-12.663532483631768,-2.8485216323750797
2018-04-07,-10.238844910594471,-7.8739524673708425,-4.9246631761097746
2018-04-08,-8.966732817590984,-9.425423696932276,-2.687392670820568
2018-04-09,-7.965636693232341,-5.544868425991785,3.7587594371043234
2018-04-10,-6.757546698656757,-2.9742742398644055,4.528048342282171
2018-04-11,-7.391307025170334,-3.3512437299351,7.953496205207534
2018-04-12,-3.3047740210715197,4.221494840862701,12.04522175758443
2018-04-13,-1.0641400265628085,3.489908239028667,9.6662002701006
2018-04-14,0.10062778264589078,4.519653249407558,11.118763471846355
2018-04-15,3.6263996578035274,11.08908972358688,11.756157861501578
2018-04-16,6.99227938131541,9.517830339414775,15.068785198638869
2018-04-17,12.270638851142342,14.860306955020246,31.644442095300846
2018-04-18,10.713624923298433,17.212688733682054,27.130697446884763
2018-04-19,12.867770631391474,22.763271809607513,18.99302021542367
2018-04-20,14.018133581738207,23.045390588329816,20.6374440078363
2018-04-21,11.805042675395326,23.42692618057005,28.811032845996372
2018-04-22,17.355122498743853,27.544178014700826,30.05875756428028
2018-04-23,18.872435381982626,30.5777870625351,30.767995175375006
2018-04-24,25.101204420091698,29.127783622340612,28.087519304803404
2018-04-25,20.333686772506017,28.20847008834523,28.669071015744002
2018-04-26,22.02193429946548,24.650940210120815,30.179978741877772
2018-04-27,21.68660699829645,25.43741737427719,28.716141930750055
2018-04-28,19.388465077059756,27.422974305312668,19.03158858600876
2018-04-29,24.174025827673116,25.90339166844295,25.537434030829985
2018-04-30,22.93590843892145,26.233670025701198,21.74641717771216
2018-05-01,22.35944740694646,25.72282486136228,24.03402315198666
2018-05-02,17.82045148982479,25.60915576084822,32.95400630360639
2018-05-03,21.621756095808887,22.01735342877947,20.797797506874307
2018-05-04,14.267950354194278,21.6465890525143,15.913803669958988
2018-05-05,16.967772308672952,18.13199944368467,18.267846902022146
2018-05-06,18.672844857785726,9.586239964939148,14.067883676455592
2018-05-07,9.982123439673249,10.114274032717498,11.248047197366386
2018-05-08,8.888697509908472,9.81497430331292,9.357152806519798
2018-05-09,8.220832601936563,3.862071571168783,12.34703555260316
2018-05-10,4.76786425839741,6.513614981250591,-2.5250890753735797
2018-05-11,0.3277235053315244,6.5404395408650835,1.1867991861970346
2018-05-12,1.6122769202490972,2.8833867073103585,-6.5973959297313485
2018-05-13,-2.97931236086814,-4.055715819811996,-3.089315054534786
2018-05-14,-1.7763800105937901,-1.428815751940835,-10.837655662625512
2018-05-15,-6.779790002434548,-7.809234072066531,-10.731262583910969
2018-05-16,-3.349397615063316,-11.415756239802924,-11.856111394815066
2018-05-17,-10.110535763029038,-14.164217776186579,-8.268224280954497
2018-05-18,-10.680659634959763,-14.88601627283165,-9.55135982090809
2018-05-19,-9.59927558457545,-16.525302247824445,-18.72218460401743
2018-05-20,-15.162163432655957,-15.91964484959444,-14.141548315784235
2018-05-21,-12.934940722587482,-16.71659775142682,-17.273625430600003
2018-05-22,-11.277268833863644,-17.63589551659744,-19.261006265312123
2018-05-23,-17.997789751209023,-16.435477712994402,-14.75523468112628
2018-05-24,-14.284316007810556,-13.933659612966984,-14.35674287439939
2018-05-25,-14.020396264020384,-14.116139571011368,-2.65840364723927
2018-05-26,-12.52882397000046,-20.63110231015944,-9.111222108710404
2018-05-27,-16.28752453001437,-22.70680355027242,-14.607562012903504
2018-05-28,-15.610188691278665,-10.663773138918282,-9.645298957415807
2018-05-29,-10.522462959432609,-15.928125007802379,-1.4584041169964173
2018-05-30,-9.702695159165772,-10.495026061603328,4.878071979105208
2018-05-31,-8.299841619126365,-11.195707248989892,-7.183117734199338
2018-06-01,-6.4138787001527025,-10.767665184718808,-5.931469396614043
2018-06-02,-6.820434365191754,-1.1384197692237101,11.222687945584209
2018-06-03,-2.8885704410442954,2.1285193804539424,7.927407269580845
2018-06-04,-0.715929637537165,0.7275050561131797,5.493727097772618
2018-06-05,-0.8086913606881742,-2.7221214596298777,13.446856151339158
2018-06-06,6.950138606188489,6.200756022383654,3.3748747996662214
2018-06-07,6.048581795772686,11.698349248965535,15.987913802498193
2018-06-08,4.514610216408736,8.522277700124668,19.366398354520243
2018-06-09,10.58813085498066,16.016168649227012,23.633797933310696
2018-06-10,8.967223245274202,17.65542754403788,17.718291339593172
2018-06-11,14.642209403189298,21.524646317530337,23.517541655126678
2018-06-12,17.129362916409303,21.93547690189259,20.745337156820668
2018-06-13,14.293653925492157,20.146489564204416,26.331878982817926
2018-06-14,19.50477357004712,28.084021750575374,22.431634444878064
2018-06-15,19.38377386727118,24.906383783158237,24.688567093995037
2018-06-16,21.135361726889386,25.97544251288532,22.39103848377942
2018-06-17,24.104100021315034,23.530022010637328,28.613808930618504
2018-06-18,19.75048805427449,25.04477266404995,28.841416814776192
2018-06-19,18.72315964888509,23.360843611881315,23.621170629478947
2018-06-20,18.251605667530157,24.90027677142696,23.517338472729534
2018-06-21,17.98024216857146,29.738870875227448,16.166212738321327
2018-06-22,18.919667877028136,18.94942546563143,19.010284423090017
2018-06-23,18.90901159951865,16.63276538043893,18.06107963205707
2018-06-24,17.60174796443152,24.325792611606566,26.530877902262393
2018-06-25,17.436253388098525,17.057597007723587,9.387013905515417
2018-06-26,14.059919302483966,13.347558432234203,17.180236152142037
2018-06-27,15.493366893645868,16.171177408857982,12.767634083374563
2018-06-28,9.791457408012771,8.464674676107888,7.29230203139014
2018-06-29,14.377864976251809,13.285554741220244,10.528543006035434
2018-06-30,27.62339340506405,32.94197094453558,34.35194335358631
2018-07-01,14.656072130945589,16.75978237593154,19.814229884883297
2018-07-02,4.469045209398519,12.425888672786254,3.5219540222400556
2018-07-03,0.706104869344896,-5.41111265428399,-1.7846443256988973
2018-07-04,-3.0418134557490486,-3.8779493881338607,-4.55008178980845
2018-07-05,-3.0738414528870655,-7.7857718788889745,-13.52047157710322
2018-07-06,-5.6322932968015165,-7.027058800071999,-18.16893653202303
2018-07-07,-8.749550807287726,-8.381375128467102,-15.32800302044008
2018-07-08,-12.227430122946142,-15.089270943813958,-19.095560816311313
2018-07-09,-15.297448193176741,-19.223811799986557,-17.233471542420272
2018-07-10,-14.296763838285175,-16.83473672933451,-12.805726166121032
2018-07-11,-12.552342568378208,-21.49379520599591,-20.113342968775644
2018-07-12,-14.920054158698763,-13.85894910825462,-18.633201600951928
2018-07-13,-18.873493094610975,-20.19458089381708,-18.102435689067015
2018-07-14,-16.131008770584256,-21.897394866340147,-14.483600791915254
2018-07-15,-15.827147232251466,-19.970383156453938,-26.231955377460693
2018-07-16,-18.581715902782086,-24.247974937100963,-18.59549576764249
2018-07-17,-15.903030597245152,-22.220346461486333,-13.997461978408598
2018-07-18,-15.51055763055464,-14.235490641474252,-8.451026998127224
2018-07-19,-17.357868469056005,-18.63020842750189,-13.515022882137812
2018-07-20,-12.899058254634278,-18.146219639227596,-17.14311684938419
2018-07-21,-11.140139458043272,-11.203139753712772,-4.882479443777327
2018-07-22,-8.4645020782042,-6.987893056500285,-7.678640064658254
2018-07-23,-6.856119612943036,-6.111953271112617,-7.533728672211486
2018-07-24,-10.518648999273385,-2.7441815285262745,-2.776038469929514
2018-07-25,-7.583720513363689,-5.68510510475164,1.5071139126212176
2018-07-26,-2.2645348110929104,-5.1244486295175955,2.2891094677350616
2018-07-27,-0.16571815339939922,6.823053683943547,-1.780723113012142
2018-07-28,1.970784044701015,3.7310294543855624,13.222307117415674
2018-07-29,11.665494179721527,6.591132120075026,17.01977464461792
2018-07-30,6.334200256630937,14.144875106555164,16.585083761653575
2018-07-31,9.655853217299201,14.110748962261553,11.204135124442963
2018-08-01,11.192434904967357,16.04362206725218,16.740836446619305
2018-08-02,12.331733460534824,23.535093027636805,19.01570921603666
2018-08-03,11.81098957719001,16.422437064394998,22.713223448287863
2018-08-04,15.758559564447525,22.99679023367038,23.94234423721355
2018-08-05,13.577463605016515,21.51120977739189,18.84380992908601
2018-08-06,15.889519201145355,23.177155509282905,22.538539096747115
2018-08-07,16.18149267568934,27.878970344791085,24.119516981668056
2018-08-08,18.090567350568698,24.971873102109242,27.95501489576911
2018-08-09,23.55406681129579,25.09226463558546,24.291604194380785
2018-08-10,14.092965609890324,26.494673295563004,23.765264997956766
2018-08-11,19.773522488645238,21.25320991579087,19.69757968912638
2018-08-12,14.085740412082885,18.774905190648578,23.733439784362105
2018-08-13,16.022633678186075,16.85101213579673,17.92090143426092
2018-08-14,18.68318316061198,12.33788461312708,10.757964834283364
2018-08-15,15.179037158844674,23.45290997062566,18.002588884083952
2018-08-16,11.185745124345999,11.235066587941986,12.803105580614968
2018-08-17,10.453673400929109,11.8074058104829,5.6573778166857
2018-08-18,11.927088199914156,9.184056131858323,2.9785454055639295
2018-08-19,6.793055208393164,8.481732198148329,3.6030282035740786
2018-08-20,6.968522454088993,7.431728581122543,1.6724397480443596
2018-08-21,4.474890787077836,4.8190631881507,-2.0467620061105865
2018-08-22,0.7023916615893668,-2.6351230602996294,-4.142813150724232
2018-08-23,4.973445282467797,-4.064108344920273,-0.850380020049565
2018-08-24,-0.7093435780512274,-5.328687731696149,-5.834212558410371
2018-08-25,-9.02766127383276,-9.680321660395132,-11.72403461133138
2018-08-26,-6.000015380605219,-6.155810912716454,-10.627692855792134
2018-08-27,-9.970378504897102,-12.111918130276136,-20.694193877673428
2018-08-28,-8.334343429393067,-13.451702592805034,-16.30433591364643
2018-08-29,-13.886319576620402,-15.588042125430919,-11.722978145901104
2018-08-30,-13.865896203745903,-15.56955714931758,-21.253119438560446
2018-08-31,-13.780699756476736,-20.167243160000265,-24.644672002508475
2018-09-01,-14.07975749969201,-26.053805960377197,-24.27419932749246
2018-09-02,-19.805492615988534,-21.265624895941297,-26.24972292127172
2018-09-03,-18.448011364145,-25.122548918480977,-24.795779951106983
2018-09-04,-19.1828564632609,-24.812929188084574,-22.569956071805482
2018-09-05,-19.745672627292873,-20.920047832618856,-26.140997570237893
2018-09-06,-13.965707745452562,-18.20888481099082,-19.079049010086486
2018-09-07,-16.769815017398717,-21.30400274066721,-13.986864475550263
2018-09-08,-20.04018289893751,-19.158518492247953,-20.01812260043558
2018-09-09,-14.046498483922857,-13.087373387164007,-7.929841704095469
2018-09-10,-10.099874120600942,-16.130539862771695,-10.149141792939815
2018-09-11,-11.325876190209552,-6.355975785573849,-5.73381719196032
2018-09-12,-15.800688686675795,-10.844161813717252,-10.529366119437391
2018-09-13,-11.661040407366189,-16.12100721145494,-1.658599846688885
2018-09-14,-5.6786835649854375,-5.287494179614001,-7.386722333589658
2018-09-15,-8.35924138697938,-3.8677334228121745,3.593072871959993
2018-09-16,-3.569663762443515,1.8549371239826855,3.1004802569944543
2018-09-17,-0.6518951225678762,2.564102290445973,7.241261612584332
2018-09-18,-2.5100322270124233,2.612778248282367,2.316861677596025
2018-09-19,1.7106266269845742,1.6967817310884792,5.832201954621697
2018-09-20,-3.6960258153069647,7.658858946567359,14.37297184449309
2018-09-21,3.63310847321192,7.995235280212363,9.768802854760981
2018-09-22,7.447244713675792,11.195341774403117,17.586792325379605
2018-09-23,6.9425237449580965,17.192731370868984,11.307095177742877
2018-09-24,15.507518404169105,22.677145745879756,22.084679781456135
2018-09-25,9.756959143457859,20.054805542747218,14.184539902622607
2018-09-26,13.459275683693187,16.093411795305403,22.56522300422763
2018-09-27,15.950222575177047,22.61839448132871,23.306964063392577
2018-09-28,19.97910591430662,25.869195429370915,17.740816604097745
2018-09-29,13.757472659478239,20.237348474243916,23.048939111117626
2018-09-30,20.373597705998776,21.910231366782067,21.167626047240073
2018-10-01,17.754760899659434,22.158530822787423,16.925472511663475
2018-10-02,15.255610526865881,18.89783950197395,13.812349105873196
2018-10-03,18.336585976990406,22.815111572962383,8.332502659034633
2018-10-04,17.070687979898224,19.03006362122486,16.716767038414098
2018-10-05,14.269809394068888,19.361324847170646,6.600905734621695
2018-10-06,14.769717261305896,13.206110521923929,11.754051742476403
2018-10-07,12.347281096701336,12.728527504799086,7.997083781132554
2018-10-08,12.02725719397356,14.43968110680884,9.747907672217297
2018-10-09,11.656484330742146,8.361299209895199,3.0466390714174434
2018-10-10,12.046546544627603,12.93870088501378,0.41791764877012794
2018-10-11,3.2578154749167174,3.1170112697038155,2.497900924588894
2018-10-12,9.356824133336591,2.536113532580303,-1.7577759749892576
2018-10-13,-2.653387934552823,2.21569051850388,-4.323435645133073
2018-10-14,-0.4416108540590596,-8.471547660334274,-6.056281407444521
2018-10-15,-0.7939785715499468,-12.29584807697547,-17.098201503394918
2018-10-16,-3.655187862877491,-14.065561257363063,-9.212655315800202
2018-10-17,-7.904442454636645,-7.011336211487691,-11.790770220437404
2018-10-18,-8.855022025102372,-15.458368440616985,-20.66349041760398
2018-10-19,-11.385096564775163,-6.91926056163279,-18.777734968879464
2018-10-20,-13.306782067348255,-19.41009262788403,-19.117139748074507
2018-10-21,-11.305887764802405,-18.43279451455999,-20.49303355069572
2018-10-22,-13.820871626399066,-15.08667624616945,-19.09636285513111
2018-10-23,-17.484554659056368,-14.490693923132628,-14.620665301706364
2018-10-24,-14.450398649134492,-14.976104834882582,-16.201931129113543
2018-10-25,-16.516767609943013,-18.251803108606047,-26.49188236849995
2018-10-26,-15.63713334996821,-18.903813480871854,-17.38106229980765
2018-10-27,-16.185018632093183,-20.07357371843766,-13.376622665384561
2018-10-28,-19.605183937308198,-18.79234457539184,-16.371235395240483
2018-10-29,-18.52106542800404,-22.408432309015662,-11.809413477664418
2018-10-30,-14.622201205602268,-22.062588688566738,-6.02511979591765
2018-10-31,-14.031316686944729,-17.695296051991555,-8.47667563022468
2018-11-01,-14.427651382938194,-16.445625950276288,-9.782465456825694
2018-11-02,-12.709708910570006,-15.357011737576054,-3.941358250096612
2018-11-03,-8.266991741418048,-9.099127848520814,-5.499886568756157
2018-11-04,-11.140941725478683,-5.739155783459596,-3.4893319277786454
2018-11-05,-6.423342691183775,-6.136545601140659,-2.543901470529138
2018-11-06,-6.258647838030626,1.3993135067990825,8.652102668460921
2018-11-07,-4.182560427075801,-4.913816891333054,0.6651344209145056
2018-11-08,1.2659702006067683,1.1917614222602366,13.778491726566825
2018-11-09,2.799768997681867,2.171210082985777,11.689266785641532
2018-11-10,4.983751005666008,0.9129893040787822,5.593234086880265
2018-11-11,8.392203885863962,9.790156337234489,15.774254447123747
2018-11-12,7.31035559207507,12.186670895683505,6.779810718353039
2018-11-13,10.986607568556323,20.270920181347552,20.89104618583137
2018-11-14,10.413568248939175,19.360245660578183,23.699227847595477
2018-11-15,13.756151720514914,15.510646265168063,18.42926111551762
2018-11-16,14.202361547823688,27.285291997637874,22.755328499017207
2018-11-17,16.15843904666329,26.479848380220783,31.82495201370194
2018-11-18,18.58017924004302,25.350775020773963,21.2333939806973
2018-11-19,15.972192892189577,23.30704686700338,18.930807029619583
2018-11-20,23.98175315328399,21.19947250638587,30.311819517749008
2018-11-21,16.631524407242683,23.407176781173938,32.080178343100314
2018-11-22,16.28554980260958,28.368549527259553,22.492336080602215
2018-11-23,22.182400363116397,30.66498648947922,26.062554504083856
2018-11-24,20.919392802745996,28.630341824275483,26.29167902762111
2018-11-25,19.902715085536634,20.308296069250066,15.296056271647572
2018-11-26,19.074646944208187,16.64503427084853,14.709869108333892
2018-11-27,16.382606559556596,19.41326916603114,20.572609824680764
2018-11-28,12.852615771496502,10.706780233495687,20.524703573873147
2018-11-29,13.834438743566055,15.981609580587557,13.14722241413527
2018-11-30,10.265892684547856,11.986061772800296,4.191345209409314
2018-12-01,12.656854525412673,8.385916064108713,14.866686997349113
2018-12-02,7.8775101909647605,1.7921957784714335,0.8829513744449433
2018-12-03,4.129703134812503,6.661349459014556,-0.6789393215958193
2018-12-04,3.3299324659194567,0.2618987845886309,0.014900906060409724
2018-12-05,3.0887347953715736,-4.671459455691593,3.2497808222572475
2018-12-06,-1.5175092810351176,-13.36485357103086,-2.1760369397925485
2018-12-07,-4.260941044776657,-5.706770707920143,-6.256235581476626
2018-12-08,-3.5538509385559376,-1.6425429115811498,-7.912601034114044
2018-12-09,-5.47461743228966,-4.251518778170774,-11.515391708637765
2018-12-10,-9.20395816197064,-13.867016288187857,-10.572620511288566
2018-12-11,-10.765993117407373,-16.178792593944745,-26.00453121034398
2018-12-12,-10.439702208754408,-13.861437567532995,-16.5849756516167
2018-12-13,-16.04081743494179,-20.392529038100676,-14.69645421974901
2018-12-14,-17.005373753216414,-16.66273159312205,-21.44138252333569
2018-12-15,-16.06661655758127,-15.623442592619647,-14.303454894720197
2018-12-16,-15.353254151419286,-14.267587904914189,-16.71836781095999
2018-12-17,-14.332282308982688,-19.03820297776435,-6.978732339570174
2018-12-18,-11.393998334740527,-19.059680382751438,-6.884359053786299
2018-12-19,-12.796341696928687,-20.820008998565566,-15.144759250244832
2018-12-20,-14.97632230268005,-19.6359643070652,-12.182337879890227
2018-12-21,-13.904250538660357,-16.152083938273822,-10.074792938928082
2018-12-22,-15.502545226983745,-12.398885939150292,-9.86010037686261
2018-12-23,-11.764703975495896,-8.547708834300858,-4.659381355395905
2018-12-24,-11.065238985647934,-12.685575950034345,-6.765880597595501
2018-12-25,-7.8772872792178585,-2.0096866683870696,-6.021266603190458
2018-12-26,-9.098582775413009,-5.938379532241603,4.78807205809712
2018-12-27,-3.6692188806156665,-2.3876749862195803,7.48777784256039
2018-12-28,1.0197092552304037,-2.2918628014224898,3.4532558880469932
2018-12-29,-1.1265773273071518,-5.610763686585503,14.129838162056137
2018-12-30,2.4071943123820296,9.331937083855298,9.595895625282028
2018-12-31,5.394217315078359,11.62786458739816,16.326587226880818
2019-01-01,24.76879767646279,36.67736449095839,53.45216310940083
2019-01-02,21.106823211845505,30.89427689744903,39.726523482752235
2019-01-03,15.189197982313773,25.354560204700693,32.151887889433986
2019-01-04,12.456445891622717,13.60872612852219,21.46998467654532
2019-01-05,12.089125306733507,19.60487790115285,24.652837410780638
2019-01-06,15.958607826965792,26.447045820230407,26.01882822534982
2019-01-07,18.804380586867676,20.60645720180591,24.586957599800918
2019-01-08,22.720755062811243,27.747586688349713,28.127933703831047
2019-01-09,22.611898009381616,22.783059349433834,22.14602565496249
2019-01-10,26.721648949098107,30.33784586713435,27.39425983235682
2019-01-11,19.71166690289011,28.97218209605299,28.289294452546965
2019-01-12,24.502389871295026,23.279057255080893,28.031874201489657
2019-01-13,22.871063509181116,33.41210863241528,27.407111323551696
2019-01-14,28.12173633831309,25.86364365842222,27.28142864459146
2019-01-15,19.83738729039297,24.75901094527567,28.611628070934117
2019-01-16,19.165248628147694,27.38857137866454,28.995021893729888
2019-01-17,18.9700198628023,29.502613110847285,19.964837402464685
2019-01-18,13.845409734888028,19.756640365823422,15.370691474148957
2019-01-19,16.817096259090967,21.84765907853814,14.02670768005058
2019-01-20,14.715427628682399,21.082036694531837,14.434505989155593
2019-01-21,15.489206872527014,19.75518655761414,12.726228620584738
2019-01-22,14.19920875333784,15.364429928864634,8.288750901186596
2019-01-23,16.379824165020565,10.762439513743724,3.2954002007042353
2019-01-24,11.888921478066921,6.398807751438989,4.885525163184604
2019-01-25,5.718337902001374,7.158398535244404,5.549699327824593
2019-01-26,2.7420858892806024,0.15574371127093833,5.218190507434564
2019-01-27,4.359186945267815,-9.400462077289188,-2.5614496232370914
2019-01-28,-2.5903385135047254,0.7082899359334462,-3.929922990335221
2019-01-29,3.863263430095012,0.08526595193839492,-8.302097398423221
2019-01-30,0.18607504489558746,-14.443264348333152,-5.641945762705616
2019-01-31,-6.057955294689645,-11.369478680929191,-11.04189449601489
2019-02-01,-11.070184395897455,-7.017080793208759,-5.324109969789039
2019-02-02,-4.278478301153287,-3.117759096649073,-17.684915534777602
2019-02-03,-9.529150223567434,-12.073288560621044,-11.36659951452285
2019-02-04,-6.943608588377835,-15.868165759782709,-8.459314451415493
2019-02-05,-15.445741976308597,-14.451202213944434,-9.028177334792947
2019-02-06,-13.348318784191786,-8.865162782201885,3.519542905883158
2019-02-07,-12.05036112977004,-16.523096002289954,-7.287404985470889
2019-02-08,-12.017064439367681,-16.767355809895903,-12.982306727183158
2019-02-09,-13.185191646911631,-14.89898563903236,-7.339229092534284
2019-02-10,-9.827209329143272,-15.705381349458396,-14.089106605192987
2019-02-11,-13.72971819756814,-10.31723203351621,-4.0635341824813835
2019-02-12,-10.271107353197323,-3.0095311151213764,-5.797959609846234
2019-02-13,-8.382434909031462,-6.126128374919093,4.933554705731451
2019-02-14,-5.918354211637363,-6.237682868856967,0.06841110559229957
2019-02-15,-3.794426282825061,-4.093362988158651,4.65702207793676
2019-02-16,-7.054280637005604,-6.4854910047304895,4.670837030662117
2019-02-17,-6.271104800827519,5.495945670074766,18.99468147336411
2019-02-18,3.4518884772275973,4.538064079961118,11.512559731807244
2019-02-19,2.983969684368562,6.933983186647155,24.792561283182433
2019-02-20,2.2021768403513735,22.705882258392393,22.383844104858447
2019-02-21,10.72671398941289,14.396673298840511,23.276164335734627
2019-02-22,8.99839134325401,13.108261998955859,25.13015650970062
2019-02-23,14.103716520507346,17.018649013870885,27.516911403370393
2019-02-24,13.16281435773937,25.61577743003894,18.09493856386087
2019-02-25,20.67666426699153,23.991386063380165,28.12834706180274
2019-02-26,21.7394131350487,20.167479701646748,35.33317347923974
2019-02-27,17.96269176968086,31.205317313284095,32.262383047103164
2019-02-28,22.90842075230338,26.747668320638443,26.60638854926055
2019-03-01,23.387127237635966,37.976650892198506,34.12386650215436
2019-03-02,26.55090196469663,36.00566329049496,43.35828317605918
2019-03-03,21.020898323275034,30.86784614185246,41.26326361799748
2019-03-04,26.275817438356086,38.024769028486496,34.603578057002736
2019-03-05,27.73652227043054,33.43895985245036,39.21742141486813
2019-03-06,20.083990766111015,36.27682775753284,31.88881625509682
2019-03-07,21.58041224691883,34.30596684848093,24.16209203308174
2019-03-08,18.838075887968547,28.26310930241285,26.744178185874745
2019-03-09,23.142996712051247,27.879860018955252,37.63357843659009
2019-03-10,25.029465987017325,32.942302965678905,26.63584561792846
2019-03-11,26.12378882777551,25.89178285971597,24.789167318400324
2019-03-12,20.83139414172884,23.65131841719436,22.33237599142962
2019-03-13,23.66251166112266,19.311485938915304,31.093543772928285
2019-03-14,13.575909337650483,22.338164185712067,27.283033215111516
2019-03-15,10.835063389859634,26.2469528250261,27.784140807864695
2019-03-16,13.486141695295226,11.37348161316548,13.29286598075714
2019-03-17,12.666737776805313,12.964971304816153,13.06649655674113
2019-03-18,9.385238058519642,15.696138867064693,1.4482344885493141
2019-03-19,1.5306644526298037,7.136468038999678,14.160406465236456
2019-03-20,4.932447748501955,6.5724751886353365,-1.481162419823967
2019-03-21,-0.5991374578294093,-1.9494377679991883,3.3815112139401213
2019-03-22,2.893990039642829,1.47774212269422,-5.223143011744388
2019-03-23,0.07998999223598102,-3.219727532600616,-4.397837185753358
2019-03-24,-5.4399242833999635,-0.6733247836509522,-7.169824288998886
2019-03-25,-5.934629178289856,-1.7241029428525083,-7.26233404146533
2019-03-26,-8.993965595714455,2.2217979736004825,-7.892113595552612
2019-03-27,-7.507972478998587,-7.0284985098302775,-8.62595681419927
2019-03-28,-5.742446323897564,-9.047970182648282,-1.986990553074711
2019-03-29,-12.104811491134889,-10.2710550527735,-11.921968845569111
2019-03-30,-8.525716825643935,-12.819086253695174,-4.943874933674768
2019-03-31,-11.832209013169269,-10.128970469696737,0.6790774100704198
2019-04-01,-12.69704389258166,-12.361637039824892,-7.306721509180216
2019-04-02,-10.61224750585219,-9.913676538929913,-7.228674616354275
2019-04-03,-12.84455140330528,-4.422551412401805,-3.3466628946816357
2019-04-04,-10.823700796001113,-12.426665485545982,5.506311332018357
2019-04-05,-11.755330416181309,-2.372640367247268,2.3425406960749298
2019-04-06,-1.6331685707278014,0.11982664979564195,0.7035536996039804
2019-04-07,-5.772871041929669,-3.570831340973381,8.143520484123293
2019-04-08,-6.323450408783912,-9.326405293975746,2.3948439130449355
2019-04-09,-2.0056260531909302,-0.8812723804878955,14.02239810012994
2019-04-10,-1.0719974912454133,9.27519374208945,15.174036461640135
2019-04-11,0.6025690811674196,6.664761909263994,14.07435305884108
2019-04-12,5.064021193013794,5.486693387219027,13.915803960861123
2019-04-13,7.613817062713652,10.215149363382935,16.19091651760628
2019-04-14,6.1018026121006175,18.339720880176046,25.94804016836577
2019-04-15,8.139931838350982,19.85133653181965,31.851042845597696
2019-04-16,11.13641176319341,19.29759593721433,24.409636926480665
2019-04-17,7.400556619396921,21.248285412051132,32.049284818902116
2019-04-18,11.630726748419065,23.445545368991652,20.69091697712512
2019-04-19,21.753360513080487,23.411518954018927,29.98269064307332
2019-04-20,24.26038418784237,35.47873161250527,34.119805492566556
2019-04-21,20.352757214475364,29.29947854893512,30.5740083533218
2019-04-22,24.059624136644516,36.824538934036326,31.135767189895354
2019-04-23,24.414297402939027,39.08137398282511,32.92278948268362
2019-04-24,33.26593689698401,37.69007507572968,37.98246150995795
2019-04-25,28.26493130073799,32.31193363602321,35.27192500196947
2019-04-26,25.052788550713746,35.735555474487626,24.095515746509918
2019-04-27,22.785720239155538,33.72891834281497,23.861565777791757
2019-04-28,20.762380688586862,29.56591343915892,30.5921565525892
2019-04-29,25.58206551028685,33.59877104902342,34.72306009141899
2019-04-30,22.148793579400387,26.279678836993583,16.39752634617038
2019-05-01,19.315735714862697,34.33011131378985,26.202625177211402
2019-05-02,20.41808748639044,25.844870325662406,23.97454304599958
2019-05-03,17.80145169686641,26.504893653211298,31.68856304815679
2019-05-04,24.266536961112465,24.58856340389639,20.044050080826825
2019-05-05,20.206405217185242,19.958998072015753,21.54180319668287
2019-05-06,15.749670537153984,20.81674344918897,17.703021770827014
2019-05-07,18.066757903005684,13.822077051607216,3.2254917612595264
2019-05-08,11.90195101403327,16.541332216824696,15.763774067021355
2019-05-09,7.016729048525388,4.742872271437719,10.3110892171179
2019-05-10,11.756378190447808,7.961126164227658,9.359256583144246
2019-05-11,6.704835156347872,12.622238820560664,24.885929500722465
2019-05-12,-0.04181435173958725,-1.979845556715853,-8.810582027211202
2019-05-13,0.32450760069520135,-3.169704640281154,9.1062184639127
2019-05-14,-3.6782579085593197,-0.6493175342552076,-3.273550349839916
2019-05-15,-7.042716043907077,-4.154257473563615,-1.8547559001313694
2019-05-16,-2.0460092461983486,-5.368892286014798,-4.939849936700886
2019-05-17,-0.7376438168409152,-6.460087049794836,-7.99097549826306
2019-05-18,-11.760793510331254,-7.243083826424565,-9.527261097695494
2019-05-19,-7.183610128568767,-6.379340947222275,-5.267063337163847
2019-05-20,-11.649876069361422,-10.007702241157345,-15.142158513792639
2019-05-21,-11.847431463709302,-13.114856713552768,-3.057807253323112
2019-05-22,-12.576733844526263,-9.483686951280799,-8.744263454223107
2019-05-23,-13.533316588898177,-4.232533679271847,-11.751095052125983
2019-05-24,-10.760343583383174,-12.016795558469676,-7.12484186355209
2019-05-25,-12.976313849104674,-14.605673286820217,3.194539844323002
2019-05-26,-9.132413045717989,-4.891604856650352,-4.696145541315634
2019-05-27,-9.212228808172801,-8.471506613996532,1.815950372066794
2019-05-28,-8.673702289961883,-15.179677451751857,-1.943981403536716
2019-05-29,-9.32940362123414,-0.8035526581810499,8.088676875474
2019-05-30,-6.854934642191296,-4.313414195927839,10.010720832092485
2019-05-31,-1.2627224415868872,-0.1302619236823201,18.57249322731408
2019-06-01,-0.183838821078099,4.106124034918317,10.337072052147722
2019-06-02,-2.5850836992555557,6.127279615778833,17.311704070644097
2019-06-03,2.623501206493759,10.93668920228789,16.787814618559725
2019-06-04,6.6463816162885125,8.916371283815407,25.58978181906718
2019-06-05,1.6497197851628709,15.513853429776255,17.281140118041222
2019-06-06,10.302643613771611,14.960345245456464,27.300078489633556
2019-06-07,8.84889849077899,21.623233424400755,24.418527301787854
2019-06-08,14.52412775583079,23.52757991807331,27.032664669215954
2019-06-09,12.533335876581553,19.36895910176008,29.57094352055044
2019-06-10,11.279655052451876,29.771051353549296,31.896544572046086
2019-06-11,13.474276539918836,24.885231965951316,31.150598252895296
2019-06-12,19.92211156233861,32.006320668430504,33.844095710330585
2019-06-13,21.849674093823506,31.465281208584905,41.73900239875669
2019-06-14,19.49329810067126,38.537170597711075,38.923705206895534
2019-06-15,24.90961541720088,30.667987858188823,38.332585992981265
2019-06-16,18.71035245879164,30.487019648924434,30.992182131847724
2019-06-17,23.784116659245473,31.863180163757992,28.086132064631148
2019-06-18,20.484300033593563,30.363367090138226,37.02321452109055
2019-06-19,21.968355799426632,34.28689541547552,35.41870376716118
2019-06-20,23.608004602578152,23.289889177868424,37.14690806284591
2019-06-21,20.229125939781248,24.34450704940047,24.357024298980242
2019-06-22,20.706865088076295,22.716943117183796,24.416567233070435
2019-06-23,23.667985055559125,29.26445386889254,14.74546391816572
2019-06-24,17.58825153188681,30.3499851528928,19.09278696432098
2019-06-25,40.20381717362569,46.5204011605645,56.06451359605456
2019-06-26,25.11464767251871,34.036461654234074,33.6879661423374
2019-06-27,20.642792566969604,22.669673081956848,24.982665017011612
2019-06-28,16.329664497945924,17.995818852053088,9.881756127315947
2019-06-29,2.57976439324986,6.5158643322297545,9.98490104272904
2019-06-30,5.378694247254348,8.554657557457135,-0.5001118167654086
2019-07-01,7.254247885563953,8.821839304354821,3.5737361390346294
2019-07-02,2.7219157076843667,4.097482889103394,-15.315450986876485
2019-07-03,2.251324499111539,0.14041771299505634,-2.5549393200945545
2019-07-04,-2.768814789733673,0.9927701457759586,-12.371294230426594
2019-07-05,-2.7361733089907507,-16.818532735806514,0.9656203787909892
2019-07-06,-5.3596259309273035,-4.8861527041592705,-2.9619787145936503
2019-07-07,-3.168144735164634,-12.38095830841829,-5.999169356608679
2019-07-08,-7.468373317681907,-18.973759619105415,-1.4342268804486729
2019-07-09,-8.602023121660821,-10.601402851716674,-15.488724180068859
2019-07-10,-12.002907129501239,-8.101510659688953,-1.511112824900513
2019-07-11,-13.162382610225649,-15.198482556249477,-6.0729474540832
2019-07-12,-13.68616102638383,-11.105111953179541,-12.224975316363937
2019-07-13,-11.650697103253023,-8.478859016680342,-4.4203770890480305
2019-07-14,-14.25687370269508,-9.517955267563867,-15.733350886880153
2019-07-15,-12.043994740166863,-7.626981081802341,-13.197761368765372
2019-07-16,-6.358889003559573,-10.529130427635565,-10.742669091855806
2019-07-17,-9.34883595547386,-12.159510749158876,-8.767258840127223
2019-07-18,-12.073424106840395,-17.730394808571305,-9.82847484932828
2019-07-19,-6.424197771751297,-10.344838531126312,4.413646294701355
2019-07-20,-9.93324169083838,-10.88978777555685,-1.4080441196498084
2019-07-21,-13.30955283586931,3.893409422448862,4.172815275658916
2019-07-22,-8.558165155172993,-3.584754190258237,1.601217198681296
2019-07-23,-9.317674225685968,0.15781727931493206,-2.6659631860132587
2019-07-24,-2.8296494775443457,4.5491869041601,11.087371019432563
2019-07-25,0.3143059518167564,5.08804738370859,1.8249836164415179
2019-07-26,7.37668685219509,14.702240275112572,14.20298513648839
2019-07-27,5.47049687621185,7.674732060079602,9.569139887811652
2019-07-28,5.968739756075002,13.732076175723417,29.903377415953507
2019-07-29,11.209489601662998,12.346307024947768,26.210510409085614
2019-07-30,4.143725653081109,12.338476956864392,23.791949427068776
2019-07-31,13.41720711558079,17.5572254892545,31.747728980400527
2019-08-01,16.84541119285244,22.01915022271416,21.849072432700666
2019-08-02,11.782922754981039,22.19759580677631,30.56147683884472
2019-08-03,21.141898360117974,22.66161710131563,29.649669473252402
2019-08-04,20.03583536748707,20.954968362147874,30.645388984079275
2019-08-05,18.8679227471683,27.495738900192265,36.43168109085952
2019-08-06,22.86809298078438,22.20624850567563,33.55824230027531
2019-08-07,28.392025179655715,32.06090660957067,30.892686402261536
2019-08-08,22.49059904354959,29.238135260938048,19.826572796089916
2019-08-09,22.789305236528744,22.46385787577652,22.69755259040172
2019-08-10,20.505604122300102,26.64559727986788,26.050769408914245
2019-08-11,18.9123769809398,23.829116864411844,25.780206570015082
2019-08-12,23.27409840691951,27.064145254440234,17.487619680502057
2019-08-13,17.29538662560946,29.801856280825596,34.69109601500102
2019-08-14,18.924154608589117,14.484457913850992,27.74276595559298
2019-08-15,15.908236633200161,20.784947420948438,20.52091851224819
2019-08-16,17.21303761891231,17.363023340191454,15.234973699173919
2019-08-17,15.039259034629389,18.41011476614228,11.172826027595613
2019-08-18,15.264282007956874,13.89864754903715,4.5841462617633395
2019-08-19,8.614276776575352,7.15187422986898,7.517637331252624
2019-08-20,7.234428598777356,6.209458459275207,5.8738452583924525
2019-08-21,2.9454450775813,1.4183344264863718,-4.795585492133867
2019-08-22,2.3554698079816387,6.505630049136868,1.2237281918262357
2019-08-23,2.627585835273908,-0.6464145710652366,-3.792354589669809
2019-08-24,1.6063343275239412,4.618640258507399,-15.477922438632621
2019-08-25,-5.5279245257738525,-6.12175012870152,-11.860511868109972
2019-08-26,-2.1556693695594573,-11.177035503716803,-11.274338649642502
2019-08-27,-2.5779719241543377,-16.694550519711342,-0.43581606468361755
2019-08-28,-7.135023152361869,-19.815163423916545,-8.951117964075248
2019-08-29,-4.300989714228727,-20.542916505515656,-20.215073397842907
2019-08-30,-13.610582584109629,-14.134768189133066,-11.132879831831302
2019-08-31,-16.164609783096473,-14.186107793066967,-22.559770613276662
2019-09-01,-18.674891595726965,-23.71222029629573,-8.497427018838156
2019-09-02,-9.514990271761768,-13.737711113469235,-16.711229338731584
2019-09-03,-12.446267155899125,-19.615502664708387,-14.18862666531329
2019-09-04,-14.720867628065742,-16.72884390046572,-5.739722402820779
2019-09-05,-13.596721469158764,-10.005090003768252,-18.767554479563273
2019-09-06,-17.431837364981195,-12.11627935211688,-18.00970547028541
2019-09-07,-6.0890079571308,-15.80832720204627,-12.01378509292522
2019-09-08,-12.153547932821919,-16.93183728237967,-1.4254402414449414
2019-09-09,-11.098640198483334,-20.464437640207777,-13.189132084224758
2019-09-10,-7.919883823225367,-12.45161043987148,-18.060092718837048
2019-09-11,-7.125175129827858,-8.107104993469363,-2.8609991567330817
2019-09-12,-6.192497281390243,-8.970267409859304,5.007632479638686
2019-09-13,-7.378785259789048,-2.8411305045273334,11.033723283732186
2019-09-14,-1.621327274881422,0.6778763544403784,4.623409917015299
2019-09-15,4.674347551677434,2.1277725119484927,7.459716266006992
2019-09-16,5.200024224111967,3.089984174437375,18.41497686310953
2019-09-17,8.107800479395642,9.257500832917268,4.550025698526666
2019-09-18,3.9724246378915478,13.087216228969204,14.857716412460793
2019-09-19,4.676625895780646,9.258144370520366,20.152082734923717
2019-09-20,9.337479613609062,22.209346431749736,23.540347289768775
2019-09-21,11.86303422627089,18.186298257324406,20.157723415347416
2019-09-22,16.8319366553522,20.78490418600344,24.639677294916375
2019-09-23,10.205952052733688,25.551468981448345,12.344063036538106
2019-09-24,21.3857957758814,25.18514422984082,23.217058752949796
2019-09-25,17.681313633368,29.544671861326805,29.92789006482414
2019-09-26,18.006265665305243,27.802165841557372,22.621196399509294
2019-09-27,17.154107936326604,24.76966808328583,28.341524862396785
2019-09-28,15.886135201850946,29.255647191285167,30.234614800795537
2019-09-29,23.69242356629548,23.03648207719683,25.48691803593189
2019-09-30,21.590448928805383,28.02509792128556,27.447777028393013
2019-10-01,17.395195443376195,26.853708786668857,20.268060052137933
2019-10-02,16.998730879648143,25.2258352691437,22.97805164146835
2019-10-03,19.22826420368388,24.357082983777666,25.761913054670984
2019-10-04,24.33334544725307,15.539911878592989,21.491598157080514
2019-10-05,17.463573982304318,19.358261486440124,15.463151322038495
2019-10-06,12.425723071374797,20.0453480093817,17.615274527679823
2019-10-07,14.655317007732497,18.12125381458532,17.907676601928177
2019-10-08,12.879093091542897,10.780865666654737,0.6213980198764677
2019-10-09,3.8067749309590333,17.831583141638987,15.337726669695645
2019-10-10,9.72123708641896,6.303326750023373,4.772743034277774
2019-10-11,7.137402849445493,11.266694601135924,6.3277615481957294
2019-10-12,7.780497713364757,6.28030480472291,7.979587814912049
2019-10-13,9.06325620950135,-0.9066605516644759,-8.199344889919413
2019-10-14,4.761339090048362,6.531555455434946,-6.934216291929963
2019-10-15,-1.5104114745729222,-8.408895542153395,-6.812578966148853
2019-10-16,-6.056002576974948,-2.0399905298047654,-11.416018188236627
2019-10-17,2.933521822820768,-3.9709988752518717,0.33414695840605724
2019-10-18,-6.382434250111865,-13.000050727012436,-15.043214861993057
2019-10-19,-8.203498524020004,-6.250788524826108,-14.668747471660375
2019-10-20,-9.828067379623025,-14.66857680495791,-11.561310977090198
2019-10-21,-10.481945176773321,-13.727264715573947,-19.748619552122193
2019-10-22,-12.596560977376974,-14.844848677682126,-15.79419323169186
2019-10-23,-14.73514035099134,-17.168888345074805,-12.030379931449925
2019-10-24,-15.272773079987198,-13.597935003755868,-15.241167148915732
2019-10-25,-14.108858527680022,-13.695352720244816,-13.387664530753375
2019-10-26,-15.72425445149265,-23.94340807712463,-14.839068625158758
2019-10-27,-16.063438188135542,-10.629439805730563,-18.929729108734552
2019-10-28,-13.21038729355442,-21.983052944999315,-7.690846474691212
2019-10-29,-13.601706739316565,-9.534278621981564,1.6470287355793847
2019-10-30,-7.465910977016241,-7.588564212953829,-5.689839424012883
2019-10-31,-18.609994384980293,-14.957671320533418,-2.459866600237792
2019-11-01,-6.155232462479465,-10.071120044399168,2.3306011862391176
2019-11-02,-4.126134636263655,-10.669156998022185,-5.677557174694388
2019-11-03,-12.196015037945006,-4.519975011831996,12.691374965266162
2019-11-04,-5.179855978848238,-2.300411902007996,7.322807651642261
2019-11-05,-3.2439314384634006,4.9120380005067075,17.575602648168676
2019-11-06,-4.1893062956798595,9.886571056306778,7.644637249383168
2019-11-07,-0.1506604744983333,13.048273324956153,23.8065998743687
2019-11-08,1.0784993359563857,7.757306395563054,20.786912109569293
2019-11-09,11.735731924171818,11.965651592245097,22.0154585470505
2019-11-10,11.50569627553419,8.54040408769653,22.582149744923896
2019-11-11,14.612254573880708,14.696627023126554,22.102396210230996
2019-11-12,15.01611632186572,24.36960494839637,31.65827178287185
2019-11-13,11.46960003538366,29.221549992435676,27.67195943331628
2019-11-14,15.006134865731115,19.418069565270393,17.88431156751649
2019-11-15,19.571978104331762,23.751761497620762,23.490500169753084
2019-11-16,15.924965272507213,27.49179988016896,29.232075923233428
2019-11-17,22.785485039876725,29.86327094598821,32.36290385960943
2019-11-18,20.92310223916986,26.176719018111797,30.622463113544175
2019-11-19,21.222994732187235,31.721619797279995,37.253766491154366
2019-11-20,24.850514429944923,28.17282482554657,20.085629647677518
2019-11-21,24.247380814901817,29.87071274842902,30.434598533916603
2019-11-22,21.80407303663884,31.65534082381226,19.07723341609953
2019-11-23,25.918389767347843,28.6032023020957,31.40413518671393
2019-11-24,18.758252187313918,25.645727883349007,25.37161271190236
2019-11-25,22.887285220860214,25.556605979206026,26.326441081330408
2019-11-26,21.746821724288814,23.94859997000942,17.610030449854644
2019-11-27,17.817773783332697,20.860260623614373,26.770243784884237
2019-11-28,18.192226677244054,19.17017577854111,23.25227045651291
2019-11-29,11.925932658018938,24.443775030397887,18.472821767570586
2019-11-30,16.472940692650525,17.73053934287327,12.288792856797052
2019-12-01,11.307249246420456,11.656628301423668,13.550694659002414
2019-12-02,8.301647864730883,13.06901329071411,4.335298668263764
2019-12-03,10.801590243278664,6.191816947041362,10.122841291681354
2019-12-04,3.5771412738615305,9.68327216784346,11.95203150412277
2019-12-05,-0.5858174623259806,3.800991185966438,6.697723263673089
2019-12-06,-3.0963972358933325,-0.65563304712201,-4.800677971318665
2019-12-07,1.1782528275671351,-0.7783187030499648,-0.9682305347419069
2019-12-08,-6.231779904761824,-11.212605280500847,-11.297600222095976
2019-12-09,0.7862150366457952,-11.421366530115595,-2.9703799240902504
2019-12-10,-12.010694634310653,-13.481025806680751,-4.78143119830193
2019-12-11,-2.5210946214545213,-9.579154193269256,-17.79769251712972
2019-12-12,-8.114265746605344,-4.377093353103676,-14.695970433061712
2019-12-13,-10.07234695800197,-3.309109095701057,-10.404453543734885
2019-12-14,-12.203594033104347,-10.412798901496519,-10.482322105818373
2019-12-15,-10.056868971303853,-11.281504947392346,-14.891167758835055
2019-12-16,-11.653523373645516,-20.586436060021995,-5.929022624775252
2019-12-17,-8.42581380986077,-15.134822015913908,-5.711430200187969
2019-12-18,-11.094687749122082,-15.443454020682442,-6.807269835112302
2019-12-19,-10.538651716651291,-13.76488617573978,-8.229200764733353
2019-12-20,-11.315045572226746,-10.625790776780086,2.896974879445385
2019-12-21,-9.477138543804887,-10.255489097594904,8.021634205435376
2019-12-22,12.759648626811183,11.527533240718533,31.09829549185384
2019-12-23,0.8474789815992922,14.88643639854594,20.78507280978274
2019-12-24,-4.009196269835483,0.11353031847950046,16.99595018882981
2019-12-25,-1.2174708173427087,1.3966664866299539,7.19261221855851
2019-12-26,-0.9430752078460892,11.421514368019679,10.98996425314052
2019-12-27,0.08060362721432124,2.122074652692973,18.232851653823896
2019-12-28,2.798839414640016,-1.5356988377737952,7.229736426642516
2019-12-29,5.942814559469652,10.330249834947894,26.553343062996877
2019-12-30,5.629012889136259,18.73084382543161,22.686073397987194
2019-12-31,7.177791502216496,24.947775041571383,22.638936623211617
2020-01-01,12.168494990927996,14.851705728913934,26.601914573509838
2020-01-02,10.944818906320442,24.331507245670462,28.98710749047404
2020-01-03,16.955734887727992,22.874635173955912,22.177464668972817
2020-01-04,12.844623496450884,26.511113132546903,40.4491924729933
2020-01-05,22.421546152447103,39.475272863736045,34.38347749438827
2020-01-06,22.429728127285465,24.61061646378758,37.579762930333104
2020-01-07,23.213127120744705,33.05993482703269,41.02862983298606
2020-01-08,26.46916249409716,35.04480606207465,31.44290016865315
2020-01-09,29.364781642921812,38.32474666047025,39.33458615392552
2020-01-10,28.216363625338406,34.87805080621779,35.45249153732514
2020-01-11,20.548025573583367,35.87433621957115,40.76492261532536
2020-01-12,22.338771718258933,32.917907971278005,24.85743381425217
2020-01-13,24.129945948004824,35.04512361393438,34.24888875994877
2020-01-14,25.646746791332664,31.791448544726027,30.42160030934302
2020-01-15,26.454013866759837,34.49469814269576,34.198591380876465
2020-01-16,22.098107369177384,29.145187604774634,32.65275049657948
2020-01-17,23.618334856098432,30.422643039530573,24.710722417690086
2020-01-18,19.67168937737267,26.887705528648766,22.579290369863116
2020-01-19,18.60230591483218,29.32380380514089,23.392160597683684
2020-01-20,14.70555727015189,22.348484162813914,17.040745386392874
2020-01-21,14.27168835023713,13.085383802075647,23.45298517106572
2020-01-22,11.141583036504759,22.50729623017789,14.844292605618831
2020-01-23,10.186575389655887,11.31503736186833,-0.4791260893755531
2020-01-24,13.823824246434574,9.646530677601909,9.959754492845349
2020-01-25,6.072912017742672,7.2240294954944435,4.271135170123055
2020-01-26,14.03354758906399,12.378852550604524,-0.937653725415009
2020-01-27,5.936656808570513,-3.943907718664075,-1.003158780421745
2020-01-28,3.0507043743087072,14.405251056096901,3.924898078579611
2020-01-29,-1.8022060926649912,4.0007614311560555,8.408001666053492
2020-01-30,0.7639751149119449,-1.2923711583035544,1.8426845331422632
2020-01-31,-4.467091588332151,-4.176984652820303,-3.973169318503826
2020-02-01,-3.9957350361058737,-4.380566856565048,0.48011782272010617
2020-02-02,1.5352339087869398,-4.717511076686283,-4.735950216051544
2020-02-03,-6.962587215811237,-5.193124341233954,-6.224871464954822
2020-02-04,-4.324468613969239,-6.190775044633528,-8.530318716667505
2020-02-05,-10.088373249961178,-8.333312811798232,-11.21347946349044
2020-02-06,-8.56388080472903,-9.443622761183418,-3.754533793601151
2020-02-07,-3.6141685994255193,-8.922441896640048,-0.08749739632569598
2020-02-08,-10.107993200453762,-8.423495313937853,-0.1578437779113248
2020-02-09,-2.881447508427371,-2.2635553856134667,-0.27835015833949406
2020-02-10,-5.257772095872731,-3.0754066676545833,-1.1972343508818133
2020-02-11,-7.843629193082336,-15.230111621731954,8.527333195042434
2020-02-12,-3.3548111008016583,0.5899781833276592,1.0692563346523185
2020-02-13,-1.024714328164129,0.8850804958997072,13.84273902837922
2020-02-14,-0.4133286165721748,2.353991982454936,7.4415380760466245
2020-02-15,-4.720911712488026,3.396746514576659,11.257672956980333
2020-02-16,-0.48002029130088975,11.869819377312844,10.34175559114799
2020-02-17,2.874424910252392,13.907221563853255,17.81257449923562
2020-02-18,5.473166658810968,10.04854680286187,27.807678926284286
2020-02-19,9.572570390199093,17.424069588329093,28.13512204829525
2020-02-20,10.564455180119506,14.910963175983625,32.95901951677857
2020-02-21,8.612398918142445,16.094995900830654,33.108077317523325
2020-02-22,15.514155620431072,21.659309317530887,27.320252389542517
2020-02-23,18.263454365498127,29.920891410176235,33.22696341268401
2020-02-24,20.14592627613353,32.63206565327945,32.87471298085095
2020-02-25,23.474337826114002,33.10495329649193,44.92859221444173
2020-02-26,24.546073516494328,35.852441034847914,33.82327424041396
2020-02-27,25.09402889731947,36.727383826058684,45.22027513842084
2020-02-28,25.023605894572345,33.688799549099166,46.006706094169985
2020-02-29,21.837606298460194,38.89503482765201,51.100399893506264
2020-03-01,28.479863360182673,41.083011345054835,40.26268409168782
2020-03-02,28.556011598887824,41.35825491630595,45.640766539125195
2020-03-03,29.15679923470747,43.13630786147731,52.894635819020245
2020-03-04,25.104688871221928,41.08812078146913,37.92446378587753
2020-03-05,25.542825583982538,39.18519023637342,32.39747129625854
2020-03-06,30.989228461499245,41.05783717486557,29.40590727361399
2020-03-07,27.403884928985,35.71411841552524,40.52745009431143
2020-03-08,28.500179789431026,31.004953133428554,26.048767328385928
2020-03-09,25.633410083393084,32.00953315963376,31.433607583792213
2020-03-10,24.3264308761297,27.834146911031112,33.21263722890669
2020-03-11,25.277323782389814,25.919031457837203,29.6709264855076
2020-03-12,19.659249186753996,25.56823575564759,28.422102909483954
2020-03-13,19.48149899484256,20.6107742528877,24.944632744976772
2020-03-14,16.01825126674303,19.828900055035685,27.556566782166108
2020-03-15,14.044634935877202,11.158586016093427,14.204006545877927
2020-03-16,12.270036241613255,16.398199374465822,13.06923329415634
2020-03-17,11.55517338080717,12.894323812497621,10.2131603647819
2020-03-18,7.5229914137887395,7.159888545882167,15.694601684425525
2020-03-19,10.06872003246821,10.152380810699688,13.89745822480081
2020-03-20,2.2391503226567395,8.759737153756777,9.77004640764824
2020-03-21,2.1777236363089667,-3.0726550781892543,11.559131689706813
2020-03-22,-0.3399827546630809,-1.9737216412839058,-1.3447022962216906
2020-03-23,3.0193465133073363,-3.8432126751901072,11.119430741461638
2020-03-24,-1.8477161344191986,-6.072905565833086,9.444094020297165
2020-03-25,-0.9399805471205918,-0.7650925693181825,4.965639096918149
2020-03-26,-8.771223778046886,-5.608399820166827,9.607374698750734
2020-03-27,-4.970318513488968,-6.5743106893769365,-6.981225796855645
2020-03-28,-3.944579168403009,-13.440286894250242,-1.3088462197782018
2020-03-29,-6.474415941987182,-3.646169317874457,-1.7756923737790529
2020-03-30,-3.9786434276103666,-10.346343864553308,6.041071694049098
2020-03-31,-8.043866656434732,-4.900428281651008,-1.30843787823179
2020-04-01,-2.5259445673822265,-3.165309705173457,8.730438641991622
2020-04-02,0.48598287864840906,2.087935062973636,13.301220879856333
2020-04-03,-5.6708814232732,-6.298841076521133,11.949132656486906
2020-04-04,-4.7562733689089765,-10.848540382227537,12.060200408898263
2020-04-05,1.6138715396424712,3.045833332214742,8.25044311442974
2020-04-06,3.486794573906054,11.259148351277869,11.307131691181738
2020-04-07,-0.34986108880065525,11.58998301215637,23.75526932815727
2020-04-08,1.7867915677536754,10.340765944995605,24.068530803971065
2020-04-09,4.138146128031556,10.41391613557815,22.765045126491685
2020-04-10,3.4200420960149116,17.927972938826283,23.542958713536404
2020-04-11,6.6828049788491715,14.124614931975659,18.462447336269122
2020-04-12,8.631162135769499,22.200994097234776,25.43189808221893
2020-04-13,11.423634599192171,24.99425475375991,41.85109413803147
2020-04-14,15.484780560724541,29.624343258870336,28.955400457299447
2020-04-15,18.262689557926233,38.31789095288514,37.88336025739401
2020-04-16,23.68592982913178,31.935856837784986,43.5146517919987
2020-04-17,18.87576791168202,30.735628847172546,34.405744054412374
2020-04-18,25.763002875509848,34.37445836709045,42.45884419526617
2020-04-19,24.165927181814972,29.618056668529665,46.995264266654004
2020-04-20,25.9298656503702,34.87548211945228,43.35452133634047
2020-04-21,28.93372418659293,36.94834335694167,57.14094400122602
2020-04-22,25.14020161567312,37.24551029859546,35.971832898734235
2020-04-23,29.69298809486842,40.0959181932502,48.51470536826099
2020-04-24,29.513812200111815,36.60699662971338,42.22120914730642
2020-04-25,30.480118450290053,43.38899958542085,45.7977825227387
2020-04-26,29.809916726705737,38.710792260788466,43.12682018148398
2020-04-27,35.0134120074519,37.74745595521655,36.25250365901346
2020-04-28,26.3484103122735,35.35743642496005,39.08160692042375
2020-04-29,25.7203924516571,35.579769610632475,27.491091150647165
2020-04-30,24.345250370802848,36.205972169326664,36.8479264973685
2020-05-01,23.165875482932734,28.05755229540359,33.1690971073507
2020-05-02,21.403578983932956,26.565719299421794,32.34618960509587
2020-05-03,24.378314019688922,25.41607893470952,31.779945522025326
2020-05-04,23.093149493221958,19.091797485228508,26.002922714927283
2020-05-05,15.97460492125001,18.30842510611098,22.37687840562152
2020-05-06,13.21079184555264,16.79263725916737,15.017780330080022
2020-05-07,14.397813515693723,18.861242915067063,13.23839831966536
2020-05-08,9.585127879172912,13.894544035882328,19.512282945932075
2020-05-09,10.428315218787883,10.927327864251632,18.287487993753206
2020-05-10,7.167959320996255,10.649461520390982,8.356494900802755
2020-05-11,0.6811727819690221,4.611717610568565,7.623405186152969
2020-05-12,6.49446447997766,4.159449073879319,1.4273716925297855
2020-05-13,5.239769819155886,0.25601012835473685,9.36611796483205
2020-05-14,-2.6327474295647546,-0.3423492184717648,5.698652913640182
2020-05-15,-3.620667867289612,-5.020557663712294,10.476633106816506
2020-05-16,-3.2742740677677706,-12.99951322821455,-3.1970358484492394
2020-05-17,-4.302413915306754,-5.880102860434089,-1.3733614640251555
2020-05-18,-4.4003278511050015,-1.1170597642041713,1.2522014080375208
2020-05-19,-1.651604970248055,-3.3245266576614365,3.295413240804018
2020-05-20,-7.612438559259376,-3.299971555227745,-0.1772569670886659
2020-05-21,-9.343111500284781,-2.1247316947949333,-2.4105140199519774
2020-05-22,-10.70692419143923,-5.63953015816599,6.615375758547034
2020-05-23,-8.705267686543156,-4.389495098982699,7.199551209982915
2020-05-24,-6.327956912024125,-6.09471353571919,1.333071151740568
2020-05-25,-0.8634182090384748,-3.5693510050347688,13.43127654614684
2020-05-26,-5.592770316741437,1.4400114318920902,14.581751070715196
2020-05-27,-2.419333359870833,5.4732865264301775,12.055405902775675
2020-05-28,-1.5186822982967358,2.922668501505576,14.111605874278068
2020-05-29,3.1819951907610036,4.186361752007992,18.661383738348707
2020-05-30,8.360513787527976,8.26727667471651,14.746857458785177
2020-05-31,2.646069699988767,12.976840674350747,21.2751074001726
2020-06-01,4.791750190487193,8.484305228547477,13.946847911506508
2020-06-02,10.728480567490696,8.206360616598856,30.034307665669274
2020-06-03,11.95583176788944,17.002072719452205,21.447500929105015
2020-06-04,16.993197616140293,17.298166080223808,37.46943571783114
2020-06-05,15.944169616875943,22.33073654244784,31.3444100755269
2020-06-06,15.633543474168954,26.001659923841096,33.798969121224566
2020-06-07,19.941897205952355,27.186740469653582,33.6483170212539
2020-06-08,23.050311154862545,35.86560318529813,36.64333180728354
2020-06-09,24.00568011681889,33.768742740938585,45.48164383921818
2020-06-10,24.726104386161094,35.239097097751525,28.97552853539993
2020-06-11,27.412750561847076,37.635949367958624,46.412969379513406
2020-06-12,28.750009360511296,32.51486953270712,42.56170161841034
2020-06-13,30.126613156257825,40.72376753840032,35.71142654872022
2020-06-14,28.919281818699105,37.206547713478365,36.01731870579207
2020-06-15,27.257103490890387,39.79430386630976,47.64986636662354
2020-06-16,28.12264672141257,33.45640597006731,35.114942353670955
2020-06-17,30.56098891579073,31.147094523227786,33.01440561101202
2020-06-18,25.148028136696077,38.34950233682161,41.70713248731755
2020-06-19,47.37699267279944,61.5494734934684,68.45942399341254
2020-06-20,37.0724029280907,45.83624527653085,48.8781200020471
2020-06-21,29.443522500494492,34.36645526382152,39.84010358666383
2020-06-22,26.124716614820137,32.63940737430079,24.046861934899006
2020-06-23,21.881479319166782,22.414413923795166,30.971845604773012
2020-06-24,19.774992271869205,29.650474229570833,28.23752518862438
2020-06-25,14.437037874732278,18.334256134897743,23.28001301918018
2020-06-26,17.558293023907687,20.880209296182862,19.873070605287616
2020-06-27,15.19411601095127,14.791104205718115,23.365363953031686
2020-06-28,16.711201262393313,15.157100239806361,13.025651920915621
2020-06-29,8.479866420196723,8.443259866637625,5.322164182819307
2020-06-30,7.55074384131705,6.9929864682885,10.0577820656716
2020-07-01,5.444030997267293,5.0269768893425475,14.952487211507705
2020-07-02,6.550137968681343,-1.0484437373715902,-0.6824952761325394
2020-07-03,0.46644409458074854,2.506224904921941,0.3053452770132321
2020-07-04,-0.5282744681742257,-3.916930422838962,2.068019183705019
2020-07-05,-1.485560617145814,-4.88928319059408,-1.354358035084128
2020-07-06,-4.084134112089588,-9.162657365654589,-6.488119056649682
2020-07-07,-6.995765608531474,-15.864107661432126,1.865183360603572
2020-07-08,-6.614768885398278,-8.94590248433241,6.568996688861919
2020-07-09,-5.427890193129603,-0.9437546700659762,-2.8453016673485987
2020-07-10,-11.177052299761487,-6.903438328322723,-7.492255636571548
2020-07-11,-8.817181866213616,-9.744701329671678,-9.849693510348267
2020-07-12,-10.992590161984166,-10.362740985909205,-1.2903283161155945
2020-07-13,-6.348250846673055,-8.871799237842618,3.3879994570568863
2020-07-14,-12.522802869888407,-6.258768282917779,1.9625773551324457
2020-07-15,-9.601230200560233,-10.903207294749029,1.447285455593741
2020-07-16,-6.505753238229988,-1.7570064847926368,0.6937002421244878
2020-07-17,-2.578372128464451,-1.3839936942749516,0.5085879640133717
2020-07-18,-5.181080377785776,0.5773715165877435,10.956017194757045
2020-07-19,-4.8524726480289955,1.8058249293574982,13.582662997251923
2020-07-20,2.6345844371453673,2.750542620816344,5.409731635927852
2020-07-21,-3.4854785067439886,7.420653540255638,21.336171673229828
2020-07-22,-3.327076230115935,9.74532334319275,19.470999684886486
2020-07-23,4.994280199135767,9.257850172699248,25.49545276013998
2020-07-24,4.853580166845278,11.222521130052343,16.204360005301123
2020-07-25,5.753483524988656,16.153609169544417,18.47626714316299
2020-07-26,11.992610704248978,23.593268884243027,25.932177144914107
2020-07-27,12.990719028397972,16.875438072624238,30.81759408627351
2020-07-28,13.115158241334843,18.53509323944275,38.25353927444313
2020-07-29,13.367323124805598,26.196914840106537,35.31439168480075
2020-07-30,20.284562997956684,27.87092614668959,32.750027501857
2020-07-31,21.433352945425046,30.098782691069122,30.63635866884902
2020-08-01,21.165398969530823,31.898843608506755,41.16634616946702
2020-08-02,27.059892496232763,31.643846465198656,32.49473799897827
2020-08-03,21.27504279943744,38.28359954337744,43.840814636555976
2020-08-04,21.063885910447475,28.769377421548413,35.76772087573117
2020-08-05,23.64108318082165,31.66753214408268,43.432766226716694
2020-08-06,25.52033855726403,34.0755669535041,38.99169971019638
2020-08-07,26.297857413278077,28.70377475796733,34.662615678164116
2020-08-08,24.998118815074154,32.88761030021087,31.88234135098057
2020-08-09,25.966033764007218,37.957692770290095,31.19924617018988
2020-08-10,21.534014718336714,31.312440601575272,32.75285411171453
2020-08-11,26.919048801475743,30.448353810592018,29.356057051925465
2020-08-12,22.19625709036648,23.753064443120685,24.416174847533913
2020-08-13,23.627759554699082,23.804357511645108,23.93038400259016
2020-08-14,20.253405826307862,22.32636732873859,22.531045175859486
2020-08-15,18.77990904793152,20.06951714426137,10.74154018611337
2020-08-16,17.1550973929091,22.696168583598237,18.997035709224946
2020-08-17,14.86153404515753,17.639979912399795,10.347451704258145
2020-08-18,13.213116344470345,9.444658135805208,7.006058085620993
2020-08-19,12.643119654700584,11.074611725021974,2.204087383330484
2020-08-20,7.8180482019032125,9.115599036107689,-0.7267325828750746
2020-08-21,6.812567941387206,8.474520876326968,-1.264911440620101
2020-08-22,2.799784855873381,7.268142373669118,-0.7876898594686881
2020-08-23,4.243451556419247,-3.6489225951941444,8.266561096769479
2020-08-24,-2.657794408166443,-5.320695875417568,-3.888186366192595
2020-08-25,1.1866890910002632,-8.899957794399203,-2.549431069658913
2020-08-26,-4.798532553475676,-7.494531802085261,-2.953242219055772
2020-08-27,-9.562595189007457,-6.880921213182036,-5.122381253377885
2020-08-28,-7.32624145527817,-6.568888291935096,-6.742534602370575
2020-08-29,-10.332257142419454,-11.066477248886223,-11.825538659962142
2020-08-30,-7.739091106859055,-12.603034302674894,-1.0009802932715406
2020-08-31,-11.83668255260025,-11.509029899457477,0.6417798817411944
2020-09-01,-11.768738417200845,-14.775447213869228,-13.310262485099463
2020-09-02,-15.226575399205018,-5.13520158295008,-9.79855218923566
2020-09-03,-11.810117868909668,-16.439729336386897,-5.648016117984893
2020-09-04,-15.948053216559654,-9.794751954036995,-7.1217560184837625
2020-09-05,-13.386378688127296,-2.702836998711245,0.5443053303011114
2020-09-06,-7.140650605205651,-7.678083388351414,-2.705693505983375
2020-09-07,-5.970504997088744,-6.551389142722039,11.236378470080805
2020-09-08,-5.464477187555845,-5.087522931531553,9.433168316131983
2020-09-09,-7.114786647730277,-2.309734387525735,7.762999454427013
2020-09-10,-3.3145863454286815,5.039951402908164,13.561175102786471
2020-09-11,-1.3615072453837895,-3.859471738634508,16.408109433287457
2020-09-12,-2.014627916425603,10.725982553341009,12.122642014594282
2020-09-13,6.110521787331395,4.019515320060336,13.64708836717636
2020-09-14,6.818001324114375,10.448854830414929,19.82159080948468
2020-09-15,6.487848681698503,12.665881974493,25.458353665557297
2020-09-16,9.216847202351234,18.582711118167264,24.824943593719986
2020-09-17,11.76374199447606,14.234161346169284,19.993914331474258
2020-09-18,8.739821555778473,23.23781473500089,25.14781288404789
2020-09-19,14.786702193479202,30.489035296902752,29.902951712688985
2020-09-20,15.663968183995761,21.863271246936982,31.444242359777327
2020-09-21,16.654822221915225,28.657165283769327,41.066427648525064
2020-09-22,19.822406348073528,27.58655637408758,28.42290148131257
2020-09-23,25.856559684293778,32.36827419230108,36.832430065568225
2020-09-24,24.373270467664987,32.12878274935032,41.243228113791915
2020-09-25,22.538206804941414,30.777109276841138,44.524337258122934
2020-09-26,25.765910046560418,34.74588839464054,33.478959659384344
2020-09-27,28.022651493318016,38.96861107311317,36.605277565032324
2020-09-28,27.09159012194354,32.43323009448519,36.11998995419053
2020-09-29,25.024045000948668,34.717472472718306,33.51771198971438
2020-09-30,23.055352376032065,27.493143794754488,30.970029361803697
2020-10-01,25.436077127749595,27.350743273104563,31.520367031738047
2020-10-02,23.870621259236493,30.345168717453685,17.711307049444414
2020-10-03,23.880387836229595,31.759887294741006,28.63849031425067
2020-10-04,21.969033176566477,26.226390917633044,24.192432594836106
2020-10-05,21.370766294423625,21.927374141569494,20.4464689080819
2020-10-06,16.13165013020409,20.522160616715684,27.127717003185772
2020-10-07,18.423342627544283,14.090867995283952,13.672597246741184
2020-10-08,13.957020864510122,17.255875648225857,12.224778239003482
2020-10-09,16.083907663781222,15.423793083335179,19.300753937011724
2020-10-10,7.802450543021656,8.535644617146525,5.485511267069211
2020-10-11,11.050601699880595,5.769067654630241,4.211615776832939
2020-10-12,5.47662274331533,5.40310610272157,3.5388698225354385
2020-10-13,1.470908651212398,0.6498102727056982,5.354609846613656
2020-10-14,-0.20991468363214216,-0.6332402146416845,0.8688125906799746
2020-10-15,-1.8061987376928181,3.8263836319592457,-6.866413651050284
2020-10-16,-1.9916505182085502,-5.535535052441762,-5.328757513867666
2020-10-17,-3.4608551198356174,-7.720665018476711,-6.86792447247497
2020-10-18,-7.402466816191029,-10.199166860650873,-5.713688134175403
2020-10-19,-7.5007789354419785,-7.18692917952497,-4.375644382785578
2020-10-20,-3.8072184707763457,-11.054289716805561,-4.768355034065285
2020-10-21,-5.591956688652887,-13.186839288124126,-13.548196551232465
2020-10-22,-9.064853501190608,-7.45028252703908,-1.9910966940240238
2020-10-23,-10.307513279212802,-7.174939878023781,-4.644985340545563
2020-10-24,-10.228194828227084,-13.107129069477075,0.7222421625147692
2020-10-25,-8.979013100425052,-16.375023436000426,-1.8473562205320198
2020-10-26,-12.160578259080316,-6.551117155844807,2.1950671365386025
2020-10-27,-9.79564051493265,-10.50126144000193,1.369968686119289
2020-10-28,-11.97401426851235,-4.401606056698902,6.77414268487428
2020-10-29,-6.2684601340978165,-11.074619668649717,5.636742548494894
2020-10-30,-4.3493555730937326,-0.2022201063239102,5.482654830519947
2020-10-31,-5.259144913007613,-4.390614785325301,17.287694918032706
2020-11-01,1.001052084994941,4.033633475414833,14.365476757871932
2020-11-02,-3.241375187634686,4.436763662095314,15.7348553785372
2020-11-03,-1.742564079113572,4.178746937392454,11.087161769538476
2020-11-04,4.070160720099686,8.63733173171479,13.687103480015152
2020-11-05,8.046644101712612,14.796838559333798,22.51806381918161
2020-11-06,11.646904197814816,15.818242586053444,24.460905198585916
2020-11-07,9.172983064818148,20.03041786365136,23.88130761347592
2020-11-08,14.710079783711175,26.94329580948306,29.11027761391106
2020-11-09,14.387973543558818,18.654296933608226,36.87516827035854
2020-11-10,16.12033464640747,30.737416504435064,35.23508620788706
2020-11-11,20.325965009310845,28.28870318241153,29.66422128017684
2020-11-12,21.575966121951712,27.17195012823094,35.07927484285824
2020-11-13,18.305930077653954,27.545393028640138,33.4623271322379
2020-11-14,26.33444584612084,32.4306581247537,35.905907423419194
2020-11-15,27.293243138343612,36.920386103448564,36.31124932479159
2020-11-16,43.87293144732178,60.522820119138714,68.25950792288565
2020-11-17,39.28511489157018,56.224745441223874,53.11020275810589
2020-11-18,32.437347208468545,37.61403308267202,45.09784251579565
2020-11-19,27.11034487281909,35.29484568638966,34.69023405278237
2020-11-20,25.270308296183718,31.013811912301197,24.445851508858794
2020-11-21,24.666067168699986,35.079182880770155,42.59954057908122
2020-11-22,25.468840989092314,35.52170950111815,37.310131602989095
2020-11-23,27.21959722732347,30.129737585350004,29.847467555663215
2020-11-24,24.784730634899866,21.825905894417467,29.429861782381778
2020-11-25,21.52004270462419,28.373616965072717,22.673419190935313
2020-11-26,22.50245133827054,26.945349197593288,31.55643547637188
2020-11-27,13.030542517659613,24.521540975186728,29.967504247045085
2020-11-28,19.848654342017415,24.56329916792833,20.770322434943463
2020-11-29,11.69261571020599,15.025374667529412,21.66739767540424
2020-11-30,12.640864415765735,17.66744337868907,15.917067355559016
2020-12-01,8.927621903120317,16.54111591015604,7.642614787229115
2020-12-02,6.437872082729814,4.931558948624889,8.89501668143153
2020-12-03,9.606162032196613,8.64749884885191,8.784747980014126
2020-12-04,4.022361579240204,3.6548867720636125,4.450167605167163
2020-12-05,3.7531350811704036,2.5431826960336825,3.4805287732282695
2020-12-06,0.9826650748067262,1.6150578328479093,2.3016058404983584
2020-12-07,0.30399202503893985,-2.913065156293001,0.908851957613731
2020-12-08,-2.2084470049302602,-5.267977417584518,0.2495100256158671
2020-12-09,-6.602337290651965,-4.669639187574448,-4.9387374765994965
2020-12-10,-3.0005056646787236,-9.285287698455608,-4.21258864702242
2020-12-11,-7.257940995621828,-10.231600954220955,-6.695393825951968
2020-12-12,-10.365035714795846,-5.578712572771664,2.0347333475021436
2020-12-13,-8.53734789019781,-11.365235664481197,-9.513257815234116
2020-12-14,-4.746175408123801,-5.911310974406593,3.664698000824849
2020-12-15,-6.209404113838456,-6.1690773756696125,5.491476501271759
2020-12-16,-8.579308823290415,-12.030656438736408,0.22168809106687992
2020-12-17,-8.128360649673276,-7.894582537393432,-7.121014514654863
2020-12-18,-7.36213463014671,-0.9960572816044149,3.2406874650892368
2020-12-19,-1.2959294611874652,-5.893668599116701,6.359524473432566
2020-12-20,-3.7245309899959054,-2.486637845081895,4.909415278062951
2020-12-21,-2.221177076290031,2.381475293207269,9.162212294596387
2020-12-22,0.6540245973847645,5.65502711108567,19.491586132717707
2020-12-23,0.7410489893890976,5.0669850345654,18.770706631101774
2020-12-24,1.6034961165495325,6.677324345188684,15.349704394299907
2020-12-25,3.7804715851701376,15.435599010113629,15.472608547743246
2020-12-26,6.18231347051096,19.190017886372253,23.02434131946318
2020-12-27,8.454896582069129,19.771676031175463,26.105598671171013
2020-12-28,12.309391691548267,19.94725975195918,31.383307343550367
2020-12-29,13.106586252403718,20.073686895045867,29.89413946539203
2020-12-30,16.749405655051337,22.698452474315687,36.19067435697939
2020-12-31,17.161833395978604,29.27438915710841,43.73911001632104
2021-01-01,19.543220567531566,31.360801069454112,41.37457380889906
2021-01-02,17.06791048838651,36.4719725757637,39.753105014475075
2021-01-03,25.010160078939986,36.213058306878125,40.65032324436933
2021-01-04,25.40247794752943,31.547023871494847,41.12330140975693
2021-01-05,28.181558792666618,40.54338650765243,47.81441545523049
2021-01-06,21.137221763217664,35.60925170556029,41.47207011798358
2021-01-07,32.621966925121654,38.243815443836986,44.25720618104825
2021-01-08,28.624084826757954,40.610585549722245,44.195748919204
2021-01-09,31.710229566911533,45.927469537493465,41.7029145476823
2021-01-10,27.37041720296327,49.04332420939701,37.70506606189434
2021-01-11,30.785372021842836,41.15018533966961,43.159778756420955
2021-01-12,26.942313304818455,37.998540710160206,40.44803999858351
2021-01-13,27.262122697671654,38.98833202799725,41.06874689264623
2021-01-14,31.77423538761736,38.61271757632995,35.41327425287801
2021-01-15,26.27846329487237,33.36846314511826,40.121876116495045
2021-01-16,25.856471957695703,37.676353700341785,30.06665564535471
2021-01-17,25.751181205957273,30.930683561221084,37.61658410956054
2021-01-18,23.311768046380752,29.402797605241002,22.16979914745017
2021-01-19,20.7848450652345,27.43725513070518,28.001805518612937
2021-01-20,19.311885164317072,24.151260470518345,25.698907867136068
2021-01-21,21.57380951194368,22.741936313776055,18.4454645133684
2021-01-22,14.327935102105638,15.799103077881991,20.646969193793502
2021-01-23,12.758770026081608,13.32008224840256,21.54703988284171
2021-01-24,12.427501591515542,9.128686852560683,6.13866125579116
2021-01-25,10.46067707542365,11.135882422362176,14.337723924020793
2021-01-26,8.611999199628242,9.747712068743596,1.158193850682114
2021-01-27,5.537120880324996,6.586385906854483,5.247716481809499
2021-01-28,0.0030939831383811622,8.13004795053832,13.589397980360978
2021-01-29,4.157507765203205,1.4141773848614596,4.083163474245343
2021-01-30,-3.139326413040255,1.8516708205624408,0.955130228096766
2021-01-31,-1.3950180250683428,-4.559121638464971,4.021474975768563
2021-02-01,-4.674201828708164,-3.4551426822789377,12.23940793683024
2021-02-02,-4.070256832428704,-0.9331925724985264,-2.423225678446552
2021-02-03,-3.8431548743483646,-0.805128532760413,0.8256472009549891
2021-02-04,-4.197884517764161,-4.136057639669863,11.023215396704956
2021-02-05,-4.067260331021708,-3.1444484831530515,13.293608706956253
2021-02-06,-1.3988486778679992,-6.698228749528686,7.1353210940432055
2021-02-07,-3.375939548622484,-2.320044907337792,4.352056725664885
2021-02-08,-4.133007925569099,2.613745952526052,18.594217609638555
2021-02-09,-0.673371343140059,3.275009674737548,18.66829074394633
2021-02-10,0.9693562599394636,4.90439392436315,17.391928316614592
2021-02-11,-2.6739511717376843,5.67699233590546,14.130626415495867
2021-02-12,2.7103498956114684,7.8503526197745535,19.457268065190103
2021-02-13,4.68464825838941,8.382585009755863,21.60974581390529
2021-02-14,4.5145568715073905,14.959258791471974,26.08516286252177
2021-02-15,10.021923839548167,16.874704490167748,32.94277977340945
2021-02-16,8.971422800237209,19.872911787179937,33.461982671751485
2021-02-17,11.727456696706463,19.730960232428252,28.758202988004
2021-02-18,13.321511741932827,17.807076395269846,40.46453409588953
2021-02-19,15.926918210862512,30.009931829921566,38.90454442533519
2021-02-20,15.800953560468956,28.092156617973906,42.564770163876894
2021-02-21,17.20642688407892,29.509755206958708,47.55526672117177
2021-02-22,25.524490547192993,36.39521911049196,39.79839804583097
2021-02-23,22.36343796973969,35.411081419574224,45.444318066905446
2021-02-24,23.816286418943076,41.560881993773734,44.965001423019686
2021-02-25,22.986469656294357,41.954548373147745,42.190691653278186
2021-02-26,27.503928264883346,43.54517635348804,50.12520065173032
2021-02-27,27.250834460705818,38.70161708739248,58.68283127994478
2021-02-28,34.31814846111186,46.954114387225594,42.64793924986862
2021-03-01,33.692543650785964,44.65448442991235,49.24987938120226
2021-03-02,30.607809890859407,42.95143227129241,51.31253470990039
2021-03-03,36.85496580260994,44.22548528348902,48.64159819557883
2021-03-04,34.13028798233457,38.13051280393081,46.72822718756367
2021-03-05,31.071674895818894,43.59217796094286,41.008315780177874
2021-03-06,25.966091287492663,38.26479271272536,45.143865510136024
2021-03-07,35.000257153870855,35.87295616956754,39.67260310239924
2021-03-08,26.307375968529286,33.65777701337277,32.35194484542429
2021-03-09,24.47027721098818,39.30476818333297,42.758501942820835
2021-03-10,28.468613204183693,32.09153374710351,39.570220964195215
2021-03-11,29.708901224615897,35.977125281917594,33.78691738495911
2021-03-12,25.69893461237874,27.49547317159753,31.959395700016746
2021-03-13,22.052107006977533,21.500795436079272,32.57643245422926
2021-03-14,20.06650715093112,20.523406399119022,26.907882059666207
2021-03-15,18.486553869515344,24.596004487610628,26.95554592627532
2021-03-16,16.146469050987676,17.87951488258503,20.106463781085424
2021-03-17,13.016532723945835,14.09639167105182,23.79225996852438
2021-03-18,10.536999189675633,13.57548942912724,17.98708077904504
2021-03-19,8.140606768830665,12.124923368416972,15.566043724133346
2021-03-20,4.7574216319387945,11.626018213413406,8.40193705115962
2021-03-21,3.8914899784862156,10.503961258645226,12.660330143005876
2021-03-22,-0.7037337557219763,3.4507727529962136,7.269501816369701
2021-03-23,1.0567103099477821,-0.9213976526207124,7.013985723322756
2021-03-24,-2.0954878924612856,0.39218210863451497,5.6777811479797045
2021-03-25,-3.4388346048661864,1.3156341163513814,4.370764145156434
2021-03-26,-1.6781493379088674,-2.9056142525843556,16.09670645544132
2021-03-27,0.17912151801228893,-3.263237041021326,13.398753682292284
2021-03-28,-1.1716192945632027,0.4288268044331748,16.116890413435367
2021-03-29,-6.397859527653944,-0.4157315580388313,5.34485361695143
2021-03-30,-5.061518949840538,0.4285144122990404,11.253926228238914
2021-03-31,-0.6978740797168224,-0.9153318092566787,7.61379830128889
2021-04-01,-3.9851549551028205,1.8350500309388837,11.471386000301827
2021-04-02,-1.5290091523742289,1.3646341323798246,12.527686309170944
2021-04-03,1.1923847250196162,8.358293010177126,22.565739211218435
2021-04-04,-0.5709045826727173,10.799561558006065,18.776865674162632
2021-04-05,3.1734283577653715,4.770158838125563,26.56162378623346
2021-04-06,1.942431745636247,9.81357107633479,27.335131684970413
2021-04-07,5.3088610480751806,10.744832534302382,36.15160877814391
2021-04-08,9.181553032594257,15.833672602943654,24.791122967430347
2021-04-09,7.345190738641237,20.18600325158586,37.456524103721655
2021-04-10,13.647705372884351,19.027568734401246,39.56899938728098
2021-04-11,14.877669441777375,23.282498478434448,34.20875171337075
2021-04-12,18.218463129391868,25.737323419899354,43.830065820360055
2021-04-13,19.684396162236006,31.802563721698608,43.536809745665
2021-04-14,24.08976369834466,33.874674297927626,43.456319321263344
